sourceRow,cardName,edition,tcg,language,quantity,saleValue,status,method,matchedGroupId,matchedName,matchedEdition,matchedLanguage,matchedQuantity,note
3857,Refund,Refund,Magic The Gathering,Inglés,1.0,291.7,unmatched,unmatched,,,,,,No se encontró compra compatible.
499,Zenith Chronicler,Phyrexia: All Will Be One,Magic The Gathering,Inglés,1.0,0.99,unmatched,unmatched,,,,,,No se encontró compra compatible.
500,Deathbloom Ritualist,The Brothers' War,Magic The Gathering,Español,1.0,0.99,unmatched,unmatched,,,,,,No se encontró compra compatible.
544,"Ayara, Widow of the Realm // Ayara, Furnace Queen",March of the Machine: The Aftermath,Magic The Gathering,Inglés,1.0,0.4,unmatched,unmatched,,,,,,No se encontró compra compatible.
295,"Etali, Primal Conqueror // Etali, Primal Sickness",March of the Machine: The Aftermath,Magic The Gathering,Inglés,1.0,5.24,unmatched,unmatched,,,,,,No se encontró compra compatible.
216,"Invasion of Ikoria // Zilortha, Apex of Ikoria",March of the Machine: The Aftermath,Magic The Gathering,Inglés,1.0,8.74,unmatched,unmatched,,,,,,No se encontró compra compatible.
298,Fading Hope,Innistrad: Midnight Hunt,Magic The Gathering,Español,2.0,5.18,unmatched,unmatched,,,,,,No se encontró compra compatible.
420,Tocasia's Welcome,The Brothers' War,Magic The Gathering,Español,1.0,2.17,unmatched,unmatched,,,,,,No se encontró compra compatible.
366,Phyrexian Arena,Phyrexia: All Will Be One,Magic The Gathering,Inglés,1.0,3.18,matched,flexible_name_only,stock-magic-the-gathering-phyrexian-arena-apocalypse-japones-nonfoil,Phyrexian Arena,Apocalypse,Japonés,1.0,Coincidencia flexible por TCG + nombre; revisar edición.
228,Mycosynth Lattice,The List,Magic The Gathering,Inglés,1.0,8.17,matched,flexible_name_only,stock-magic-the-gathering-mycosynth-lattice-judge-rewards-promos-ingles-nonfoil,Mycosynth Lattice,Judge Rewards Promos,Inglés,1.0,Coincidencia flexible por TCG + nombre; revisar edición.
536,Invasion of Ixalan // Belligerent Regisaur,March of the Machine: The Aftermath,Magic The Gathering,Inglés,2.0,0.53,unmatched,unmatched,,,,,,No se encontró compra compatible.
537,Dusk Legion Duelist,March of the Machine,Magic The Gathering,Inglés,1.0,0.53,unmatched,unmatched,,,,,,No se encontró compra compatible.
446,"Slicer, Hired Muscle // Slicer, High-Speed Antagonist","Universes Beyond: Warhammer 40,000",Magic The Gathering,Inglés,1.0,1.68,unmatched,unmatched,,,,,,No se encontró compra compatible.
458,Whitebeard Pirates (OP02-022),Paramount War,One Piece,Inglés,3.0,1.42,unmatched,unmatched,,,,,,No se encontró compra compatible.
467,Makino (OP02-015),Paramount War,One Piece,Inglés,2.0,1.28,unmatched,unmatched,,,,,,No se encontró compra compatible.
565,Buena Festa (ST05-014),Starter Deck: ONE PIECE FILM edition,One Piece,Inglés,4.0,0.27,unmatched,unmatched,,,,,,No se encontró compra compatible.
570,Thatch (OP02-007),Paramount War,One Piece,Inglés,1.0,0.13,unmatched,unmatched,,,,,,No se encontró compra compatible.
410,Tashigi (ST06-006),Starter Deck: Absolute Justice,One Piece,Inglés,4.0,2.31,unmatched,unmatched,,,,,,No se encontró compra compatible.
549,Tsuru (OP02-106),Paramount War,One Piece,Inglés,2.0,0.36,unmatched,unmatched,,,,,,No se encontró compra compatible.
555,Gum-Gum Rain (OP02-068),Paramount War,One Piece,Inglés,1.0,0.3,unmatched,unmatched,,,,,,No se encontró compra compatible.
556,Minotaur (OP02-087),Paramount War,One Piece,Inglés,2.0,0.3,unmatched,unmatched,,,,,,No se encontró compra compatible.
568,DEATH WINK (OP02-069),Paramount War,One Piece,Inglés,2.0,0.21,unmatched,unmatched,,,,,,No se encontró compra compatible.
569,Minokoala (OP02-086),Paramount War,One Piece,Inglés,1.0,0.15,unmatched,unmatched,,,,,,No se encontró compra compatible.
245,Grave Pact,Enchanting Tales,Magic The Gathering,Inglés,1.0,7.18,unmatched,unmatched,,,,,,No se encontró compra compatible.
215,"Ashaya, Soul of the Wild",Zendikar Rising: Promos,Magic The Gathering,Inglés,1.0,8.75,unmatched,unmatched,,,,,,No se encontró compra compatible.
329,Conduit of Worlds,Phyrexia: All Will Be One,Magic The Gathering,Inglés,1.0,4.24,unmatched,unmatched,,,,,,No se encontró compra compatible.
508,Carrot (OP02-029),Paramount War,One Piece,Inglés,2.0,0.75,unmatched,unmatched,,,,,,No se encontró compra compatible.
545,Marco (OP02-018),Paramount War,One Piece,Inglés,1.0,0.38,unmatched,unmatched,,,,,,No se encontró compra compatible.
554,Hydra (OP02-090),Paramount War,One Piece,Inglés,2.0,0.3,unmatched,unmatched,,,,,,No se encontró compra compatible.
558,Whitey Bay (OP02-014),Paramount War,One Piece,Inglés,3.0,0.28,unmatched,unmatched,,,,,,No se encontró compra compatible.
559,Boa Hancock (OP02-059),Paramount War,One Piece,Inglés,3.0,0.28,unmatched,unmatched,,,,,,No se encontró compra compatible.
560,Byrnndi World (OP02-082),Paramount War,One Piece,Inglés,3.0,0.28,unmatched,unmatched,,,,,,No se encontró compra compatible.
566,Bell-mere (OP02-112),Paramount War,One Piece,Inglés,2.0,0.23,unmatched,unmatched,,,,,,No se encontró compra compatible.
389,Mirrex,Phyrexia: All Will Be One,Magic The Gathering,Español,1.0,2.59,matched,flexible_ignore_language_variant,stock-magic-the-gathering-mirrex-phyrexia-all-will-be-one-japones-nonfoil,Mirrex,Phyrexia: All Will Be One,Japonés,1.0,Coincidencia flexible ignorando idioma y variante.
496,Mr.1 (Daz.Bonez) (OP02-063),Paramount War,One Piece,Inglés,4.0,1.05,unmatched,unmatched,,,,,,No se encontró compra compatible.
514,Vista (OP02-011),Paramount War,One Piece,Inglés,1.0,0.65,unmatched,unmatched,,,,,,No se encontró compra compatible.
466,Tony Tony.Chopper (OP02-034),Paramount War,One Piece,Inglés,2.0,1.28,unmatched,unmatched,,,,,,No se encontró compra compatible.
501,Shiryu (OP02-076),Paramount War,One Piece,Inglés,2.0,0.99,unmatched,unmatched,,,,,,No se encontró compra compatible.
502,Helmeppo (ST06-010),Starter Deck: Absolute Justice,One Piece,Inglés,4.0,0.99,unmatched,unmatched,,,,,,No se encontró compra compatible.
457,Ain (ST05-002),Starter Deck: ONE PIECE FILM edition,One Piece,Inglés,4.0,1.42,unmatched,unmatched,,,,,,No se encontró compra compatible.
396,Curly.Dadan (OP02-005),Paramount War,One Piece,Inglés,1.0,2.46,unmatched,unmatched,,,,,,No se encontró compra compatible.
459,Ice Age (OP02-117),Paramount War,One Piece,Inglés,2.0,1.4,unmatched,unmatched,,,,,,No se encontró compra compatible.
182,Steam Vents,Return to Ravnica,Magic The Gathering,Español,1.0,10.86,matched,flexible_name_only_multiple,stock-magic-the-gathering-steam-vents-ravnica-remastered-ingles-nonfoil,Steam Vents,Ravnica Remastered,Inglés,1.0,Coincidencia flexible por TCG + nombre; revisar edición. Había varias candidatas y se eligió la de mayor stock disponible.
205,Hallowed Fountain,Return to Ravnica,Magic The Gathering,Español,1.0,9.21,matched,flexible_name_only,stock-magic-the-gathering-hallowed-fountain-dissension-espanol-nonfoil,Hallowed Fountain,Dissension,Español,1.0,Coincidencia flexible por TCG + nombre; revisar edición.
158,Necroduality,Innistrad: Crimson Vow,Magic The Gathering,Inglés,1.0,12.29,unmatched,unmatched,,,,,,No se encontró compra compatible.
204,Hallowed Fountain,Ravnica Allegiance,Magic The Gathering,Español,1.0,9.21,matched,flexible_name_only,stock-magic-the-gathering-hallowed-fountain-dissension-espanol-nonfoil,Hallowed Fountain,Dissension,Español,1.0,Coincidencia flexible por TCG + nombre; revisar edición.
289,"Zopandrel, Hunger Dominus",Phyrexia: All Will Be One,Magic The Gathering,Inglés,1.0,5.29,unmatched,unmatched,,,,,,No se encontró compra compatible.
160,Jetmir's Garden,Streets of New Capenna: Promos,Magic The Gathering,Español,1.0,12.21,unmatched,unmatched,,,,,,No se encontró compra compatible.
442,Swiftfoot Boots,Retro Frame Artifacts,Magic The Gathering,Español,1.0,1.72,unmatched,unmatched,,,,,,No se encontró compra compatible.
114,Living End,Time Spiral,Magic The Gathering,Alemán,3.0,17.27,matched,flexible_name_only,stock-magic-the-gathering-living-end-time-spiral-remastered-ingles-nonfoil,Living End,Time Spiral Remastered,Inglés,3.0,Coincidencia flexible por TCG + nombre; revisar edición.
173,Steam Vents,Return to Ravnica,Magic The Gathering,Inglés,1.0,11.71,matched,flexible_name_only_multiple,stock-magic-the-gathering-steam-vents-ravnica-remastered-ingles-nonfoil,Steam Vents,Ravnica Remastered,Inglés,1.0,Coincidencia flexible por TCG + nombre; revisar edición. Había varias candidatas y se eligió la de mayor stock disponible.
424,Demolition Field,The Brothers' War,Magic The Gathering,Español,1.0,2.02,unmatched,unmatched,,,,,,No se encontró compra compatible.
127,Stomping Ground,Ravnica Remastered: Extras,Magic The Gathering,Inglés,1.0,16.17,matched,flexible_name_only_multiple,stock-magic-the-gathering-stomping-ground-gatecrash-ingles-nonfoil,Stomping Ground,Gatecrash,Inglés,1.0,Coincidencia flexible por TCG + nombre; revisar edición. Había varias candidatas y se eligió la de mayor stock disponible.
274,Plaza of Heroes,Dominaria United: Promos,Magic The Gathering,Inglés,1.0,6.21,matched,flexible_name_only,stock-magic-the-gathering-plaza-of-heroes-dominaria-united-ingles-nonfoil,Plaza of Heroes,Dominaria United,Inglés,1.0,Coincidencia flexible por TCG + nombre; revisar edición.
441,Archfiend of the Dross,Phyrexia: All Will Be One,Magic The Gathering,Inglés,1.0,1.72,unmatched,unmatched,,,,,,No se encontró compra compatible.
243,Plaza of Heroes,Dominaria United,Magic The Gathering,Inglés,1.0,7.21,overdrawn,exact,stock-magic-the-gathering-plaza-of-heroes-dominaria-united-ingles-nonfoil,Plaza of Heroes,Dominaria United,Inglés,0.0,Coincidencia exacta por TCG + nombre + edición + idioma + variante.
440,Blind Obedience,Ravnica Remastered,Magic The Gathering,Inglés,1.0,1.72,unmatched,unmatched,,,,,,No se encontró compra compatible.
116,Relic of Progenitus,Shards of Alara,Magic The Gathering,Italiano,3.0,17.15,matched,flexible_name_only,stock-magic-the-gathering-relic-of-progenitus-commander-the-brothers-war-ingles-nonfoil,Relic of Progenitus,Commander: The Brothers' War,Inglés,3.0,Coincidencia flexible por TCG + nombre; revisar edición.
223,Gitaxian Probe,New Phyrexia,Magic The Gathering,Inglés,4.0,8.25,matched,flexible_ignore_language_variant,stock-magic-the-gathering-gitaxian-probe-new-phyrexia-japones-nonfoil,Gitaxian Probe,New Phyrexia,Japonés,4.0,Coincidencia flexible ignorando idioma y variante.
249,Phyrexian Crusader,Mirrodin Besieged,Magic The Gathering,Español,1.0,7.17,unmatched,unmatched,,,,,,No se encontró compra compatible.
490,Charming Scoundrel,Wilds of Eldraine,Magic The Gathering,Inglés,1.0,1.07,unmatched,unmatched,,,,,,No se encontró compra compatible.
541,Street Wraith,Future Sight,Magic The Gathering,Español,1.0,0.5,matched,flexible_name_only,stock-magic-the-gathering-street-wraith-dominaria-remastered-extras-ingles-nonfoil,Street Wraith,Dominaria Remastered: Extras,Inglés,1.0,Coincidencia flexible por TCG + nombre; revisar edición.
468,"Sigarda, Champion of Light",Innistrad: Midnight Hunt,Magic The Gathering,Español,1.0,1.27,unmatched,unmatched,,,,,,No se encontró compra compatible.
515,"Kaito, Dancing Shadow",Phyrexia: All Will Be One,Magic The Gathering,Español,1.0,0.64,unmatched,unmatched,,,,,,No se encontró compra compatible.
516,Depopulate,Streets of New Capenna,Magic The Gathering,Español,1.0,0.64,unmatched,unmatched,,,,,,No se encontró compra compatible.
248,Phyrexian Crusader,Mirrodin Besieged,Magic The Gathering,Español,1.0,7.17,unmatched,unmatched,,,,,,No se encontró compra compatible.
281,Grove of the Burnwillows,From the Vault: Realms,Magic The Gathering,Inglés,3.0,5.89,matched,flexible_name_only,stock-magic-the-gathering-grove-of-the-burnwillows-future-sight-chino-s-nonfoil,Grove of the Burnwillows,Future Sight,Chino-S,3.0,Coincidencia flexible por TCG + nombre; revisar edición.
478,Guardian of the Guildpact,Dissension,Magic The Gathering,Español,2.0,1.19,unmatched,unmatched,,,,,,No se encontró compra compatible.
330,Protean Hulk,Dissension,Magic The Gathering,Español,1.0,4.21,unmatched,unmatched,,,,,,No se encontró compra compatible.
7,"Atraxa, Grand Unifier",Phyrexia: All Will Be One,Magic The Gathering,Inglés,4.0,105.4,matched,flexible_ignore_language_variant,stock-magic-the-gathering-atraxa-grand-unifier-phyrexia-all-will-be-one-espanol-nonfoil,"Atraxa, Grand Unifier",Phyrexia: All Will Be One,Español,4.0,Coincidencia flexible ignorando idioma y variante.
31,Marsh Flats,Modern Horizons 2,Magic The Gathering,Inglés,4.0,52.83,matched,flexible_name_only_multiple,stock-magic-the-gathering-marsh-flats-modern-horizons-2-extras-ingles-nonfoil,Marsh Flats,Modern Horizons 2: Extras,Inglés,4.0,Coincidencia flexible por TCG + nombre; revisar edición. Había varias candidatas y se eligió la de mayor stock disponible.
35,Goryo's Vengeance,Betrayers of Kamigawa,Magic The Gathering,Español,4.0,47.54,matched,flexible_name_only,stock-magic-the-gathering-goryo-s-vengeance-commander-duskmourn-house-of-horror-extras-ingles-nonfoil,Goryo's Vengeance,Commander: Duskmourn: House of Horror: Extras,Inglés,4.0,Coincidencia flexible por TCG + nombre; revisar edición.
567,"Lonis, Cryptozoologist",Modern Horizons 2,Magic The Gathering,Inglés,1.0,0.22,unmatched,unmatched,,,,,,No se encontró compra compatible.
297,Noxious Ghoul,Legions,Magic The Gathering,Español,1.0,5.21,unmatched,unmatched,,,,,,No se encontró compra compatible.
60,Hallowed Fountain,Dissension,Magic The Gathering,Español,4.0,31.98,overdrawn,exact,stock-magic-the-gathering-hallowed-fountain-dissension-espanol-nonfoil,Hallowed Fountain,Dissension,Español,0.0,Coincidencia exacta por TCG + nombre + edición + idioma + variante.
255,Yavimaya Coast,Ninth Edition,Magic The Gathering,Español,3.0,6.78,matched,flexible_name_only_multiple,stock-magic-the-gathering-yavimaya-coast-dominaria-united-extras-japones-nonfoil,Yavimaya Coast,Dominaria United: Extras,Japonés,3.0,Coincidencia flexible por TCG + nombre; revisar edición. Había varias candidatas y se eligió la de mayor stock disponible.
346,Yavimaya Coast,Ninth Edition,Magic The Gathering,Inglés,1.0,3.4,matched,flexible_name_only_multiple,stock-magic-the-gathering-yavimaya-coast-apocalypse-japones-nonfoil,Yavimaya Coast,Apocalypse,Japonés,1.0,Coincidencia flexible por TCG + nombre; revisar edición. Había varias candidatas y se eligió la de mayor stock disponible.
29,Steam Vents,Ravnica Remastered,Magic The Gathering,Inglés,4.0,54.13,overdrawn,exact,stock-magic-the-gathering-steam-vents-ravnica-remastered-ingles-nonfoil,Steam Vents,Ravnica Remastered,Inglés,2.0,Coincidencia exacta por TCG + nombre + edición + idioma + variante.
533,Marionette Apprentice,Modern Horizons 3,Magic The Gathering,Inglés,1.0,0.54,matched,flexible_name_only,stock-magic-the-gathering-marionette-apprentice-modern-horizons-3-extras-ingles-nonfoil,Marionette Apprentice,Modern Horizons 3: Extras,Inglés,1.0,Coincidencia flexible por TCG + nombre; revisar edición.
194,Stomping Ground,Gatecrash,Magic The Gathering,Inglés,1.0,10.17,overdrawn,exact,stock-magic-the-gathering-stomping-ground-gatecrash-ingles-nonfoil,Stomping Ground,Gatecrash,Inglés,0.0,Coincidencia exacta por TCG + nombre + edición + idioma + variante.
328,Jet Medallion,Modern Horizons 3,Magic The Gathering,Inglés,1.0,4.25,unmatched,unmatched,,,,,,No se encontró compra compatible.
81,Godless Shrine,Gatecrash,Magic The Gathering,Italiano,3.0,23.15,overdrawn,flexible_name_only,stock-magic-the-gathering-godless-shrine-ravnica-remastered-extras-ingles-nonfoil,Godless Shrine,Ravnica Remastered: Extras,Inglés,1.0,Coincidencia flexible por TCG + nombre; revisar edición.
202,Godless Shrine,Gatecrash,Magic The Gathering,Italiano,1.0,9.25,overdrawn,flexible_name_only,stock-magic-the-gathering-godless-shrine-ravnica-remastered-extras-ingles-nonfoil,Godless Shrine,Ravnica Remastered: Extras,Inglés,0.0,Coincidencia flexible por TCG + nombre; revisar edición.
300,Archdruid's Charm,Murders at Karlov Manor: Promos,Magic The Gathering,Inglés,1.0,5.17,unmatched,unmatched,,,,,,No se encontró compra compatible.
126,Chord of Calling,Prerelease Promos,Magic The Gathering,Inglés,4.0,16.17,matched,flexible_name_only,stock-magic-the-gathering-chord-of-calling-ravnica-remastered-extras-ingles-nonfoil,Chord of Calling,Ravnica Remastered: Extras,Inglés,4.0,Coincidencia flexible por TCG + nombre; revisar edición.
419,Headless Rider,Innistrad: Crimson Vow: Promos,Magic The Gathering,Español,1.0,2.17,unmatched,unmatched,,,,,,No se encontró compra compatible.
180,Phyrexian Fleshgorger,The Brothers' War,Magic The Gathering,Español,2.0,11.12,overdrawn,exact,stock-magic-the-gathering-phyrexian-fleshgorger-the-brothers-war-espanol-nonfoil,Phyrexian Fleshgorger,The Brothers' War,Español,1.0,Coincidencia exacta por TCG + nombre + edición + idioma + variante.
75,Roaming Throne,The Lost Caverns of Ixalan: Promos,Magic The Gathering,Inglés,1.0,24.25,unmatched,unmatched,,,,,,No se encontró compra compatible.
375,Emberheart Challenger,Bloomburrow: Promos,Magic The Gathering,Inglés,1.0,2.97,unmatched,unmatched,,,,,,No se encontró compra compatible.
207,Caretaker's Talent,Bloomburrow,Magic The Gathering,Español,1.0,9.17,matched,flexible_ignore_language_variant,stock-magic-the-gathering-caretaker-s-talent-bloomburrow-ingles-nonfoil,Caretaker's Talent,Bloomburrow,Inglés,1.0,Coincidencia flexible ignorando idioma y variante.
246,Tibalt's Trickery,Kaldheim: Promos,Magic The Gathering,Inglés,1.0,7.17,unmatched,unmatched,,,,,,No se encontró compra compatible.
150,Underground Mortuary,Murders at Karlov Manor,Magic The Gathering,Español,1.0,13.12,matched,flexible_name_only,stock-magic-the-gathering-underground-mortuary-murders-at-karlov-manor-extras-ingles-nonfoil,Underground Mortuary,Murders at Karlov Manor: Extras,Inglés,1.0,Coincidencia flexible por TCG + nombre; revisar edición.
439,Painful Quandary,The Brothers' War: Promos,Magic The Gathering,Español,1.0,1.72,unmatched,unmatched,,,,,,No se encontró compra compatible.
523,Kogla and Yidaro,March of the Machine,Magic The Gathering,Inglés,2.0,0.59,unmatched,unmatched,,,,,,No se encontró compra compatible.
551,Street Wraith,Modern Masters,Magic The Gathering,Inglés,2.0,0.31,matched,flexible_name_only,stock-magic-the-gathering-street-wraith-dominaria-remastered-extras-ingles-nonfoil,Street Wraith,Dominaria Remastered: Extras,Inglés,2.0,Coincidencia flexible por TCG + nombre; revisar edición.
238,Diabolic Intent,The Brothers' War: Promos,Magic The Gathering,Inglés,1.0,7.25,unmatched,unmatched,,,,,,No se encontró compra compatible.
438,Deep-Cavern Bat,The Lost Caverns of Ixalan: Promos,Magic The Gathering,Español,1.0,1.72,matched,flexible_name_only,stock-magic-the-gathering-deep-cavern-bat-the-lost-caverns-of-ixalan-ingles-nonfoil,Deep-Cavern Bat,The Lost Caverns of Ixalan,Inglés,1.0,Coincidencia flexible por TCG + nombre; revisar edición.
92,Chalice of the Void,Mirrodin,Magic The Gathering,Inglés,1.0,21.17,matched,flexible_name_only,stock-magic-the-gathering-chalice-of-the-void-time-spiral-remastered-extras-ingles-nonfoil,Chalice of the Void,Time Spiral Remastered: Extras,Inglés,1.0,Coincidencia flexible por TCG + nombre; revisar edición.
405,Sword of Once and Future,March of the Machine: Promos,Magic The Gathering,Inglés,1.0,2.39,unmatched,unmatched,,,,,,No se encontró compra compatible.
522,Perennial Behemoth,The Brothers' War,Magic The Gathering,Español,1.0,0.6,unmatched,unmatched,,,,,,No se encontró compra compatible.
454,Utopia Sprawl,Ravnica Remastered,Magic The Gathering,Inglés,1.0,1.53,matched,flexible_name_only_multiple,stock-magic-the-gathering-utopia-sprawl-ravnica-remastered-extras-japones-nonfoil,Utopia Sprawl,Ravnica Remastered: Extras,Japonés,1.0,Coincidencia flexible por TCG + nombre; revisar edición. Había varias candidatas y se eligió la de mayor stock disponible.
156,Caretaker's Talent,Bloomburrow,Magic The Gathering,Inglés,1.0,12.4,overdrawn,exact,stock-magic-the-gathering-caretaker-s-talent-bloomburrow-ingles-nonfoil,Caretaker's Talent,Bloomburrow,Inglés,0.0,Coincidencia exacta por TCG + nombre + edición + idioma + variante.
141,Monstrous Rage,Wilds of Eldraine,Magic The Gathering,Inglés,4.0,13.29,overdrawn,exact,stock-magic-the-gathering-monstrous-rage-wilds-of-eldraine-ingles-nonfoil,Monstrous Rage,Wilds of Eldraine,Inglés,3.0,Coincidencia exacta por TCG + nombre + edición + idioma + variante.
244,"Phelia, Exuberant Shepherd",Modern Horizons 3,Magic The Gathering,Inglés,3.0,7.18,matched,flexible_name_only,stock-magic-the-gathering-phelia-exuberant-shepherd-modern-horizons-3-extras-ingles-nonfoil,"Phelia, Exuberant Shepherd",Modern Horizons 3: Extras,Inglés,3.0,Coincidencia flexible por TCG + nombre; revisar edición.
409,"Phelia, Exuberant Shepherd",Modern Horizons 3,Magic The Gathering,Inglés,1.0,2.32,matched,flexible_name_only,stock-magic-the-gathering-phelia-exuberant-shepherd-modern-horizons-3-extras-ingles-nonfoil,"Phelia, Exuberant Shepherd",Modern Horizons 3: Extras,Inglés,1.0,Coincidencia flexible por TCG + nombre; revisar edición.
57,Recruiter of the Guard,Modern Horizons 3,Magic The Gathering,Inglés,4.0,33.73,matched,flexible_name_only,stock-magic-the-gathering-recruiter-of-the-guard-modern-horizons-3-extras-japones-nonfoil,Recruiter of the Guard,Modern Horizons 3: Extras,Japonés,4.0,Coincidencia flexible por TCG + nombre; revisar edición.
415,Past in Flames,Innistrad,Magic The Gathering,Español,1.0,2.23,matched,flexible_name_only,stock-magic-the-gathering-past-in-flames-time-spiral-remastered-extras-ingles-nonfoil,Past in Flames,Time Spiral Remastered: Extras,Inglés,1.0,Coincidencia flexible por TCG + nombre; revisar edición.
510,"Yedora, Grave Gardener",Multiverse Legends,Magic The Gathering,Inglés,1.0,0.7,unmatched,unmatched,,,,,,No se encontró compra compatible.
511,Transmogrant's Crown,The Brothers' War,Magic The Gathering,Español,1.0,0.7,unmatched,unmatched,,,,,,No se encontró compra compatible.
512,Siege-Gang Commander,Duel Decks: Elves vs. Goblins,Magic The Gathering,Inglés,1.0,0.7,matched,flexible_name_only_multiple,stock-magic-the-gathering-siege-gang-commander-core-2020-extras-espanol-nonfoil,Siege-Gang Commander,Core 2020: Extras,Español,1.0,Coincidencia flexible por TCG + nombre; revisar edición. Había varias candidatas y se eligió la de mayor stock disponible.
351,Graveborn Muse,Legions,Magic The Gathering,Español,1.0,3.33,unmatched,unmatched,,,,,,No se encontró compra compatible.
338,"Teferi, Who Slows the Sunset",Innistrad: Midnight Hunt,Magic The Gathering,Inglés,1.0,3.79,unmatched,unmatched,,,,,,No se encontró compra compatible.
464,Bronze Bombshell,Dissension,Magic The Gathering,Español,1.0,1.29,unmatched,unmatched,,,,,,No se encontró compra compatible.
526,Street Wraith,Future Sight,Magic The Gathering,Español,1.0,0.58,matched,flexible_name_only,stock-magic-the-gathering-street-wraith-dominaria-remastered-extras-ingles-nonfoil,Street Wraith,Dominaria Remastered: Extras,Inglés,1.0,Coincidencia flexible por TCG + nombre; revisar edición.
433,White Sun's Twilight,Phyrexia: All Will Be One,Magic The Gathering,Español,1.0,1.87,unmatched,unmatched,,,,,,No se encontró compra compatible.
128,Spell Snare,Dissension,Magic The Gathering,Español,3.0,16.1,overdrawn,exact,stock-magic-the-gathering-spell-snare-dissension-espanol-nonfoil,Spell Snare,Dissension,Español,2.0,Coincidencia exacta por TCG + nombre + edición + idioma + variante.
436,Blood Artist,Innistrad Remastered,Magic The Gathering,Inglés,1.0,1.83,matched,flexible_name_only,stock-magic-the-gathering-blood-artist-innistrad-remastered-extras-ingles-nonfoil,Blood Artist,Innistrad Remastered: Extras,Inglés,1.0,Coincidencia flexible por TCG + nombre; revisar edición.
423,Muddle the Mixture,Ravnica Remastered: Extras,Magic The Gathering,Inglés,1.0,2.08,unmatched,unmatched,,,,,,No se encontró compra compatible.
191,Moonshaker Cavalry,Wilds of Eldraine: Promos,Magic The Gathering,Inglés,1.0,10.28,unmatched,unmatched,,,,,,No se encontró compra compatible.
153,Snapcaster Mage,Innistrad,Magic The Gathering,Español,1.0,12.89,matched,flexible_ignore_language_variant,stock-magic-the-gathering-snapcaster-mage-innistrad-ingles-nonfoil,Snapcaster Mage,Innistrad,Inglés,1.0,Coincidencia flexible ignorando idioma y variante.
327,Forbidden Orchard,Champions of Kamigawa,Magic The Gathering,Chino-S,1.0,4.26,unmatched,unmatched,,,,,,No se encontró compra compatible.
492,"Grist, the Hunger Tide",Modern Horizons 2,Magic The Gathering,Inglés,4.0,1.06,matched,flexible_name_only,stock-magic-the-gathering-grist-the-hunger-tide-modern-horizons-2-extras-ingles-nonfoil,"Grist, the Hunger Tide",Modern Horizons 2: Extras,Inglés,4.0,Coincidencia flexible por TCG + nombre; revisar edición.
232,Blooming Marsh,Outlaws of Thunder Junction: Extras,Magic The Gathering,Inglés,1.0,7.35,matched,flexible_name_only,stock-magic-the-gathering-blooming-marsh-kaladesh-chino-s-nonfoil,Blooming Marsh,Kaladesh,Chino-S,1.0,Coincidencia flexible por TCG + nombre; revisar edición.
136,"Squee, Goblin Nabob",Mercadian Masques,Magic The Gathering,Japonés,1.0,15.0,matched,flexible_name_only,stock-magic-the-gathering-squee-goblin-nabob-commander-2019-ingles-nonfoil,"Squee, Goblin Nabob",Commander 2019,Inglés,1.0,Coincidencia flexible por TCG + nombre; revisar edición.
131,Pernicious Deed,Apocalypse,Magic The Gathering,Japonés,4.0,39.8,overdrawn,exact,stock-magic-the-gathering-pernicious-deed-apocalypse-japones-nonfoil,Pernicious Deed,Apocalypse,Japonés,1.0,Coincidencia exacta por TCG + nombre + edición + idioma + variante.
236,"Ral, Crackling Wit",Bloomburrow,Magic The Gathering,Español,1.0,7.28,matched,flexible_name_only,stock-magic-the-gathering-ral-crackling-wit-bloomburrow-extras-japones-nonfoil,"Ral, Crackling Wit",Bloomburrow: Extras,Japonés,1.0,Coincidencia flexible por TCG + nombre; revisar edición.
17,Ravenous Baloth,Onslaught,Magic The Gathering,Japonés,4.0,68.0,unmatched,unmatched,,,,,,No se encontró compra compatible.
129,Haunting Echoes,Odyssey,Magic The Gathering,Japonés,2.0,16.0,unmatched,unmatched,,,,,,No se encontró compra compatible.
374,Spiritmonger,Apocalypse,Magic The Gathering,Japonés,1.0,3.0,unmatched,unmatched,,,,,,No se encontró compra compatible.
455,Opt,Invasion,Magic The Gathering,Chino,3.0,1.5,matched,flexible_name_only,stock-magic-the-gathering-opt-dominaria-espanol-nonfoil,Opt,Dominaria,Español,3.0,Coincidencia flexible por TCG + nombre; revisar edición.
498,Opt,Invasion,Magic The Gathering,Japonés,1.0,1.0,matched,flexible_name_only,stock-magic-the-gathering-opt-dominaria-espanol-nonfoil,Opt,Dominaria,Español,1.0,Coincidencia flexible por TCG + nombre; revisar edición.
183,Voice of Victory,Tarkir: Dragonstorm: Promos,Magic The Gathering,Inglés,1.0,10.83,matched,flexible_name_only,stock-magic-the-gathering-voice-of-victory-tarkir-dragonstorm-ingles-nonfoil,Voice of Victory,Tarkir: Dragonstorm,Inglés,1.0,Coincidencia flexible por TCG + nombre; revisar edición.
343,"Savra, Queen of the Golgari",Ravnica Remastered: Extras,Magic The Gathering,Inglés,1.0,3.4,unmatched,unmatched,,,,,,No se encontró compra compatible.
542,Jukai Naturalist,Kamigawa: Neon Dynasty,Magic The Gathering,Inglés,1.0,0.43,unmatched,unmatched,,,,,,No se encontró compra compatible.
188,Consult the Star Charts,Edge of Eternities: Promos,Magic The Gathering,Inglés,1.0,10.4,matched,flexible_name_only,stock-magic-the-gathering-consult-the-star-charts-edge-of-eternities-ingles-nonfoil,Consult the Star Charts,Edge of Eternities,Inglés,1.0,Coincidencia flexible por TCG + nombre; revisar edición.
121,"Ketramose, the New Dawn",Aetherdrift,Magic The Gathering,Inglés,1.0,16.78,matched,flexible_name_only,stock-magic-the-gathering-ketramose-the-new-dawn-aetherdrift-extras-ingles-nonfoil,"Ketramose, the New Dawn",Aetherdrift: Extras,Inglés,1.0,Coincidencia flexible por TCG + nombre; revisar edición.
360,Forsaken Monument,Zendikar Rising: Promos,Magic The Gathering,Inglés,1.0,3.28,unmatched,unmatched,,,,,,No se encontró compra compatible.
268,Mistrise Village,Tarkir: Dragonstorm: Promos,Magic The Gathering,Inglés,1.0,6.28,matched,flexible_name_only,stock-magic-the-gathering-mistrise-village-tarkir-dragonstorm-extras-ingles-nonfoil,Mistrise Village,Tarkir: Dragonstorm: Extras,Inglés,1.0,Coincidencia flexible por TCG + nombre; revisar edición.
530,"Kastral, the Windcrested",Bloomburrow: Promos,Magic The Gathering,Inglés,1.0,0.56,unmatched,unmatched,,,,,,No se encontró compra compatible.
563,Bringer of the Last Gift,The Lost Caverns of Ixalan: Promos,Magic The Gathering,Inglés,1.0,0.28,unmatched,unmatched,,,,,,No se encontró compra compatible.
177,Tormod's Crypt,Chronicles: Japanese,Magic The Gathering,Japonés,1.0,11.28,matched,flexible_name_only,stock-magic-the-gathering-tormod-s-crypt-core-2021-ingles-nonfoil,Tormod's Crypt,Core 2021,Inglés,1.0,Coincidencia flexible por TCG + nombre; revisar edición.
148,Jackal Pup,Tempest,Magic The Gathering,Japonés,3.0,13.18,unmatched,unmatched,,,,,,No se encontró compra compatible.
95,Cunning Wish,Judgment,Magic The Gathering,Inglés,4.0,20.93,unmatched,unmatched,,,,,,No se encontró compra compatible.
386,Counterspell,Mercadian Masques,Magic The Gathering,Japonés,1.0,2.62,matched,flexible_name_only_multiple,stock-magic-the-gathering-counterspell-release-promos-ingles-nonfoil,Counterspell,Release Promos,Inglés,1.0,Coincidencia flexible por TCG + nombre; revisar edición. Había varias candidatas y se eligió la de mayor stock disponible.
272,Path to Exile,Conflux,Magic The Gathering,Inglés,4.0,6.25,matched,flexible_name_only,stock-magic-the-gathering-path-to-exile-time-spiral-remastered-extras-ingles-nonfoil,Path to Exile,Time Spiral Remastered: Extras,Inglés,4.0,Coincidencia flexible por TCG + nombre; revisar edición.
414,Bloated Contaminator,Phyrexia: All Will Be One,Magic The Gathering,Inglés,1.0,2.28,unmatched,unmatched,,,,,,No se encontró compra compatible.
513,Past in Flames,Innistrad,Magic The Gathering,Inglés,1.0,0.69,matched,flexible_name_only,stock-magic-the-gathering-past-in-flames-time-spiral-remastered-extras-ingles-nonfoil,Past in Flames,Time Spiral Remastered: Extras,Inglés,1.0,Coincidencia flexible por TCG + nombre; revisar edición.
117,Exhume,Urza's Saga,Magic The Gathering,Japonés,4.0,17.13,unmatched,unmatched,,,,,,No se encontró compra compatible.
358,"Yuriko, the Tiger's Shadow",Magic: The Gathering - FINAL FANTASY: Extras,Magic The Gathering,Inglés,1.0,3.28,unmatched,unmatched,,,,,,No se encontró compra compatible.
357,Wonder,Judgment,Magic The Gathering,Chino-S,1.0,3.28,unmatched,unmatched,,,,,,No se encontró compra compatible.
302,Accumulated Knowledge,Nemesis,Magic The Gathering,Inglés,4.0,5.13,overdrawn,flexible_ignore_language_variant,stock-magic-the-gathering-accumulated-knowledge-nemesis-japones-nonfoil,Accumulated Knowledge,Nemesis,Japonés,3.0,Coincidencia flexible ignorando idioma y variante.
388,Preacher of the Schism,The Lost Caverns of Ixalan: Promos,Magic The Gathering,Inglés,1.0,2.62,matched,flexible_name_only,stock-magic-the-gathering-preacher-of-the-schism-the-lost-caverns-of-ixalan-ingles-nonfoil,Preacher of the Schism,The Lost Caverns of Ixalan,Inglés,1.0,Coincidencia flexible por TCG + nombre; revisar edición.
413,Teysa Karlov,Multiverse Legends,Magic The Gathering,Inglés,1.0,2.28,unmatched,unmatched,,,,,,No se encontró compra compatible.
538,Remand,Ravnica: City of Guilds,Magic The Gathering,Alemán,2.0,0.52,matched,flexible_name_only,stock-magic-the-gathering-remand-time-spiral-remastered-extras-ingles-nonfoil,Remand,Time Spiral Remastered: Extras,Inglés,2.0,Coincidencia flexible por TCG + nombre; revisar edición.
539,Remand,Ravnica: City of Guilds,Magic The Gathering,Español,1.0,0.52,matched,flexible_name_only,stock-magic-the-gathering-remand-time-spiral-remastered-extras-ingles-nonfoil,Remand,Time Spiral Remastered: Extras,Inglés,1.0,Coincidencia flexible por TCG + nombre; revisar edición.
540,Remand,Ravnica: City of Guilds,Magic The Gathering,Francés,1.0,0.52,matched,flexible_name_only,stock-magic-the-gathering-remand-time-spiral-remastered-extras-ingles-nonfoil,Remand,Time Spiral Remastered: Extras,Inglés,1.0,Coincidencia flexible por TCG + nombre; revisar edición.
322,Wrenn and Realmbreaker,March of the Machine: Promos,Magic The Gathering,Inglés,1.0,4.4,unmatched,unmatched,,,,,,No se encontró compra compatible.
181,Simic Growth Chamber,Sin edición especificada,Magic The Gathering,Japonés,4.0,11.0,matched,flexible_name_only_multiple,stock-magic-the-gathering-simic-growth-chamber-double-masters-2022-extras-japones-nonfoil,Simic Growth Chamber,Double Masters 2022: Extras,Japonés,4.0,Coincidencia flexible por TCG + nombre; revisar edición. Había varias candidatas y se eligió la de mayor stock disponible.
356,Profane Tutor,Modern Horizons 2,Magic The Gathering,Español,1.0,3.28,unmatched,unmatched,,,,,,No se encontró compra compatible.
363,Ancient Den,Mirrodin,Magic The Gathering,Español,2.0,3.23,matched,flexible_name_only,stock-magic-the-gathering-ancient-den-time-spiral-remastered-extras-japones-nonfoil,Ancient Den,Time Spiral Remastered: Extras,Japonés,2.0,Coincidencia flexible por TCG + nombre; revisar edición.
483,"Sin, Spira's Punishment",Magic: The Gathering - FINAL FANTASY: Extras,Magic The Gathering,Inglés,1.0,1.11,unmatched,unmatched,,,,,,No se encontró compra compatible.
283,"Raffine, Scheming Seer",Streets of New Capenna: Extras,Magic The Gathering,Inglés,1.0,5.79,matched,flexible_name_only,stock-magic-the-gathering-raffine-scheming-seer-streets-of-new-capenna-promos-ingles-nonfoil,"Raffine, Scheming Seer",Streets of New Capenna: Promos,Inglés,1.0,Coincidencia flexible por TCG + nombre; revisar edición.
462,"Tourach, Dread Cantor",Modern Horizons 2,Magic The Gathering,Inglés,1.0,1.38,matched,flexible_name_only,stock-magic-the-gathering-tourach-dread-cantor-modern-horizons-2-extras-japones-foil,"Tourach, Dread Cantor",Modern Horizons 2: Extras,Japonés,1.0,Coincidencia flexible por TCG + nombre; revisar edición.
548,Collective Brutality,Innistrad Remastered,Magic The Gathering,Inglés,1.0,0.36,matched,flexible_name_only,stock-magic-the-gathering-collective-brutality-mystery-booster-ingles-nonfoil,Collective Brutality,Mystery Booster,Inglés,1.0,Coincidencia flexible por TCG + nombre; revisar edición.
355,Hullbreaker Horror,Innistrad: Crimson Vow,Magic The Gathering,Español,1.0,3.28,unmatched,unmatched,,,,,,No se encontró compra compatible.
313,Goblin Guide,Zendikar,Magic The Gathering,Italiano,4.0,4.45,unmatched,unmatched,,,,,,No se encontró compra compatible.
435,Goro-Goro and Satoru,Commander: March of the Machine: Ext,Magic The Gathering,Inglés,1.0,1.83,unmatched,unmatched,,,,,,No se encontró compra compatible.
354,"Skrelv, Defector Mite",Phyrexia: All Will Be One,Magic The Gathering,Inglés,1.0,3.28,unmatched,unmatched,,,,,,No se encontró compra compatible.
306,Soul's Attendant,Rise of the Eldrazi,Magic The Gathering,Francés,1.0,4.95,unmatched,unmatched,,,,,,No se encontró compra compatible.
367,Annie Joins Up,Outlaws of Thunder Junction: Promos,Magic The Gathering,Inglés,1.0,3.18,unmatched,unmatched,,,,,,No se encontró compra compatible.
373,Soul's Attendant,Rise of the Eldrazi,Magic The Gathering,Chino-S,1.0,3.11,unmatched,unmatched,,,,,,No se encontró compra compatible.
422,Cragcrown Pathway // Timbercrown Pathway,Zendikar Rising,Magic The Gathering,Inglés,1.0,2.1,unmatched,unmatched,,,,,,No se encontró compra compatible.
535,Opt,Invasion,Magic The Gathering,Inglés,1.0,0.54,overdrawn,flexible_name_only,stock-magic-the-gathering-opt-dominaria-espanol-nonfoil,Opt,Dominaria,Español,0.0,Coincidencia flexible por TCG + nombre; revisar edición.
453,"Marvin, Murderous Mimic",Duskmourn: House of Horror: Promo,Magic The Gathering,Inglés,1.0,1.58,unmatched,unmatched,,,,,,No se encontró compra compatible.
320,Brainsurge,Modern Horizons 3: Extras,Magic The Gathering,Japonés,1.0,4.4,matched,flexible_ignore_foil,stock-magic-the-gathering-brainsurge-modern-horizons-3-extras-japones-foil,Brainsurge,Modern Horizons 3: Extras,Japonés,1.0,Coincidencia flexible ignorando Foil/Non-foil.
206,Watery Grave,Edge of Eternities: Promos,Magic The Gathering,Inglés,1.0,9.2,matched,flexible_name_only,stock-magic-the-gathering-watery-grave-guilds-of-ravnica-espanol-nonfoil,Watery Grave,Guilds of Ravnica,Español,1.0,Coincidencia flexible por TCG + nombre; revisar edición.
527,Forensic Gadgeteer,Murders at Karlov Manor: Promos,Magic The Gathering,Inglés,1.0,0.58,unmatched,unmatched,,,,,,No se encontró compra compatible.
461,Fulminator Mage,Double Masters,Magic The Gathering,Inglés,1.0,1.39,matched,flexible_name_only,stock-magic-the-gathering-fulminator-mage-ultimate-masters-ingles-nonfoil,Fulminator Mage,Ultimate Masters,Inglés,1.0,Coincidencia flexible por TCG + nombre; revisar edición.
314,Freed from the Real,Saviors of Kamigawa,Magic The Gathering,Español,1.0,4.43,unmatched,unmatched,,,,,,No se encontró compra compatible.
280,Psychatog,Odyssey,Magic The Gathering,Español,1.0,5.9,unmatched,unmatched,,,,,,No se encontró compra compatible.
507,Thraben Inspector,Shadows over Innistrad,Magic The Gathering,Japonés,4.0,0.79,matched,flexible_name_only_multiple,stock-magic-the-gathering-thraben-inspector-time-spiral-remastered-extras-japones-nonfoil,Thraben Inspector,Time Spiral Remastered: Extras,Japonés,4.0,Coincidencia flexible por TCG + nombre; revisar edición. Había varias candidatas y se eligió la de mayor stock disponible.
509,Elephant Grass,The List,Magic The Gathering,Inglés,1.0,0.73,unmatched,unmatched,,,,,,No se encontró compra compatible.
546,Nightscape Familiar,Planeshift,Magic The Gathering,Japonés,4.0,0.36,unmatched,unmatched,,,,,,No se encontró compra compatible.
262,Psychatog,Odyssey,Magic The Gathering,Español,1.0,6.4,unmatched,unmatched,,,,,,No se encontró compra compatible.
404,Urza's Mine,Chronicles,Magic The Gathering,Inglés,1.0,2.4,matched,flexible_name_only_multiple,stock-magic-the-gathering-urza-s-mine-chronicles-japanese-japones-nonfoil,Urza's Mine,Chronicles: Japanese,Japonés,1.0,Coincidencia flexible por TCG + nombre; revisar edición. Había varias candidatas y se eligió la de mayor stock disponible.
463,Oblivion Stone,Commander,Magic The Gathering,Español,2.0,1.3,matched,flexible_name_only,stock-magic-the-gathering-oblivion-stone-commander-the-brothers-war-ingles-nonfoil,Oblivion Stone,Commander: The Brothers' War,Inglés,2.0,Coincidencia flexible por TCG + nombre; revisar edición.
430,Aftermath Analyst,Murders at Karlov Manor,Magic The Gathering,Inglés,1.0,1.9,matched,flexible_ignore_language_variant,stock-magic-the-gathering-aftermath-analyst-murders-at-karlov-manor-japones-nonfoil,Aftermath Analyst,Murders at Karlov Manor,Japonés,1.0,Coincidencia flexible ignorando idioma y variante.
497,"Koma, World-Eater",Magic: The Gathering Foundations: Promo,Magic The Gathering,Inglés,1.0,1.0,unmatched,unmatched,,,,,,No se encontró compra compatible.
474,Meddling Mage,Double Masters,Magic The Gathering,Inglés,1.0,1.19,unmatched,unmatched,,,,,,No se encontró compra compatible.
475,Searing Blaze,Worldwake,Magic The Gathering,Inglés,1.0,1.19,unmatched,unmatched,,,,,,No se encontró compra compatible.
476,Searing Blaze,Worldwake,Magic The Gathering,Alemán,1.0,1.19,unmatched,unmatched,,,,,,No se encontró compra compatible.
477,Lightning Bolt,Magic 2011,Magic The Gathering,Francés,4.0,1.19,matched,flexible_name_only_multiple,stock-magic-the-gathering-lightning-bolt-fourth-edition-black-bordered-japones-nonfoil,Lightning Bolt,Fourth Edition: Black Bordered,Japonés,4.0,Coincidencia flexible por TCG + nombre; revisar edición. Había varias candidatas y se eligió la de mayor stock disponible.
518,Capsize,Tempest,Magic The Gathering,Inglés,1.0,0.62,unmatched,unmatched,,,,,,No se encontró compra compatible.
342,"Squee, Goblin Nabob",Commander 2019,Magic The Gathering,Inglés,4.0,3.45,overdrawn,exact,stock-magic-the-gathering-squee-goblin-nabob-commander-2019-ingles-nonfoil,"Squee, Goblin Nabob",Commander 2019,Inglés,3.0,Coincidencia exacta por TCG + nombre + edición + idioma + variante.
403,Smile at Death,Tarkir: Dragonstorm: Promos,Magic The Gathering,Inglés,1.0,2.4,unmatched,unmatched,,,,,,No se encontró compra compatible.
376,Soul Warden,Magic 2010,Magic The Gathering,Inglés,1.0,2.9,unmatched,unmatched,,,,,,No se encontró compra compatible.
407,Frenzied Baloth,Edge of Eternities: Promos,Magic The Gathering,Inglés,1.0,2.36,unmatched,unmatched,,,,,,No se encontró compra compatible.
520,Arcane Proxy,The Brothers' War,Magic The Gathering,Español,1.0,0.61,unmatched,unmatched,,,,,,No se encontró compra compatible.
521,Leyline of the Void,Core 2020,Magic The Gathering,Español,1.0,0.61,matched,flexible_name_only_multiple,stock-magic-the-gathering-leyline-of-the-void-time-spiral-remastered-extras-ingles-nonfoil,Leyline of the Void,Time Spiral Remastered: Extras,Inglés,1.0,Coincidencia flexible por TCG + nombre; revisar edición. Había varias candidatas y se eligió la de mayor stock disponible.
312,Seal of Cleansing,Nemesis,Magic The Gathering,Japonés,2.0,4.45,overdrawn,exact,stock-magic-the-gathering-seal-of-cleansing-nemesis-japones-nonfoil,Seal of Cleansing,Nemesis,Japonés,1.0,Coincidencia exacta por TCG + nombre + edición + idioma + variante.
402,Aftermath Analyst,Murders at Karlov Manor,Magic The Gathering,Español,1.0,2.4,matched,flexible_ignore_language_variant,stock-magic-the-gathering-aftermath-analyst-murders-at-karlov-manor-japones-nonfoil,Aftermath Analyst,Murders at Karlov Manor,Japonés,1.0,Coincidencia flexible ignorando idioma y variante.
335,Worldwalker Helm,Edge of Eternities: Promos,Magic The Gathering,Inglés,1.0,4.02,unmatched,unmatched,,,,,,No se encontró compra compatible.
550,"Ezuri, Stalker of Spheres",Phyrexia: All Will Be One,Magic The Gathering,Inglés,1.0,0.34,unmatched,unmatched,,,,,,No se encontró compra compatible.
318,Genesis,Judgment,Magic The Gathering,Español,1.0,4.4,unmatched,unmatched,,,,,,No se encontró compra compatible.
286,Insatiable Avarice,Outlaws of Thunder Junction,Magic The Gathering,Inglés,1.0,5.4,unmatched,unmatched,,,,,,No se encontró compra compatible.
159,Darkslick Shores,Phyrexia: All Will Be One,Magic The Gathering,Inglés,4.0,12.25,overdrawn,exact,stock-magic-the-gathering-darkslick-shores-phyrexia-all-will-be-one-ingles-nonfoil,Darkslick Shores,Phyrexia: All Will Be One,Inglés,3.0,Coincidencia exacta por TCG + nombre + edición + idioma + variante.
91,Caves of Koilos,Apocalypse,Magic The Gathering,Chino-S,2.0,21.35,matched,flexible_ignore_language_variant,stock-magic-the-gathering-caves-of-koilos-apocalypse-japones-nonfoil,Caves of Koilos,Apocalypse,Japonés,2.0,Coincidencia flexible ignorando idioma y variante.
307,"Raffine, Scheming Seer",Streets of New Capenna: Extras,Magic The Gathering,Inglés,1.0,4.85,matched,flexible_name_only,stock-magic-the-gathering-raffine-scheming-seer-streets-of-new-capenna-promos-ingles-nonfoil,"Raffine, Scheming Seer",Streets of New Capenna: Promos,Inglés,1.0,Coincidencia flexible por TCG + nombre; revisar edición.
552,"Glissa, Herald of Predation",March of the Machine: Extras,Magic The Gathering,Inglés,1.0,0.3,unmatched,unmatched,,,,,,No se encontró compra compatible.
553,Phyrexian Unlife,Enchanting Tales,Magic The Gathering,Inglés,1.0,0.3,matched,flexible_name_only,stock-magic-the-gathering-phyrexian-unlife-new-phyrexia-chino-s-nonfoil,Phyrexian Unlife,New Phyrexia,Chino-S,1.0,Coincidencia flexible por TCG + nombre; revisar edición.
279,Insatiable Avarice,Outlaws of Thunder Junction,Magic The Gathering,Inglés,3.0,5.95,unmatched,unmatched,,,,,,No se encontró compra compatible.
480,Ultima,FINAL FANTASY,Magic The Gathering,Inglés,1.0,1.14,matched,flexible_name_only,stock-magic-the-gathering-ultima-magic-the-gathering-final-fantasy-extras-ingles-nonfoil,Ultima,Magic: The Gathering - FINAL FANTASY: Extras,Inglés,1.0,Coincidencia flexible por TCG + nombre; revisar edición.
190,Decree of Silence,Scourge,Magic The Gathering,Español,1.0,10.4,unmatched,unmatched,,,,,,No se encontró compra compatible.
263,Tide Shaper,Modern Horizons 2: Extras,Magic The Gathering,Japonés,4.0,6.4,overdrawn,flexible_ignore_foil,stock-magic-the-gathering-tide-shaper-modern-horizons-2-extras-japones-foil,Tide Shaper,Modern Horizons 2: Extras,Japonés,2.0,Coincidencia flexible ignorando Foil/Non-foil.
504,Essence Flux,Shadows over Innistrad,Magic The Gathering,Inglés,2.0,0.82,matched,flexible_ignore_language_variant,stock-magic-the-gathering-essence-flux-shadows-over-innistrad-espanol-nonfoil,Essence Flux,Shadows over Innistrad,Español,2.0,Coincidencia flexible ignorando idioma y variante.
543,Essence Flux,Innistrad Remastered,Magic The Gathering,Inglés,1.0,0.41,matched,flexible_name_only_multiple,stock-magic-the-gathering-essence-flux-innistrad-remastered-extras-ingles-nonfoil,Essence Flux,Innistrad Remastered: Extras,Inglés,1.0,Coincidencia flexible por TCG + nombre; revisar edición. Había varias candidatas y se eligió la de mayor stock disponible.
317,Siege-Gang Commander,Scourge,Magic The Gathering,Español,1.0,4.4,matched,flexible_name_only_multiple,stock-magic-the-gathering-siege-gang-commander-core-2020-extras-espanol-nonfoil,Siege-Gang Commander,Core 2020: Extras,Español,1.0,Coincidencia flexible por TCG + nombre; revisar edición. Había varias candidatas y se eligió la de mayor stock disponible.
352,Archangel Elspeth,March of the Machine: Extras,Magic The Gathering,Inglés,1.0,3.29,unmatched,unmatched,,,,,,No se encontró compra compatible.
353,Questing Beast,The List,Magic The Gathering,Inglés,1.0,3.29,unmatched,unmatched,,,,,,No se encontró compra compatible.
450,Soul Warden,Magic 2010,Magic The Gathering,Inglés,2.0,1.62,unmatched,unmatched,,,,,,No se encontró compra compatible.
493,"Heliod, the Radiant Dawn // Heliod, the Warped Eclipse",March of the Machine: The Aftermath,Magic The Gathering,Inglés,1.0,1.06,unmatched,unmatched,,,,,,No se encontró compra compatible.
494,Death Cloud,The List,Magic The Gathering,Inglés,1.0,1.06,unmatched,unmatched,,,,,,No se encontró compra compatible.
495,"Lindblum, Industrial Regency // Mage Siege",FINAL FANTASY,Magic The Gathering,Inglés,1.0,1.06,unmatched,unmatched,,,,,,No se encontró compra compatible.
561,Marauding Mako,Aetherdrift: Promos,Magic The Gathering,Inglés,1.0,0.28,matched,flexible_name_only,stock-magic-the-gathering-marauding-mako-aetherdrift-ingles-nonfoil,Marauding Mako,Aetherdrift,Inglés,1.0,Coincidencia flexible por TCG + nombre; revisar edición.
562,Roaring Furnace // Steaming Sauna,Duskmourn: House of Horror,Magic The Gathering,Inglés,1.0,0.28,matched,flexible_name_only,stock-magic-the-gathering-roaring-furnace-steaming-sauna-duskmourn-house-of-horror-extras-ingles-nonfoil,Roaring Furnace // Steaming Sauna,Duskmourn: House of Horror: Extras,Inglés,1.0,Coincidencia flexible por TCG + nombre; revisar edición.
377,"Skrelv, Defector Mite",Phyrexia: All Will Be One,Magic The Gathering,Inglés,2.0,2.9,unmatched,unmatched,,,,,,No se encontró compra compatible.
347,Urza's Mine,Chronicles,Magic The Gathering,Inglés,2.0,3.35,matched,flexible_name_only_multiple,stock-magic-the-gathering-urza-s-mine-chronicles-japanese-japones-nonfoil,Urza's Mine,Chronicles: Japanese,Japonés,2.0,Coincidencia flexible por TCG + nombre; revisar edición. Había varias candidatas y se eligió la de mayor stock disponible.
285,Genesis,Judgment,Magic The Gathering,Inglés,1.0,5.4,unmatched,unmatched,,,,,,No se encontró compra compatible.
240,Soul's Attendant,Rise of the Eldrazi,Magic The Gathering,Chino-S,2.0,7.23,unmatched,unmatched,,,,,,No se encontró compra compatible.
444,Umbral Collar Zealot,Edge of Eternities: Promos,Magic The Gathering,Inglés,1.0,1.7,unmatched,unmatched,,,,,,No se encontró compra compatible.
443,"Brimaz, Blight of Oreskos",Commander: March of the Machine,Magic The Gathering,Inglés,1.0,1.7,unmatched,unmatched,,,,,,No se encontró compra compatible.
311,Brainsurge,Modern Horizons 3: Extras,Magic The Gathering,Japonés,1.0,4.55,matched,flexible_ignore_foil,stock-magic-the-gathering-brainsurge-modern-horizons-3-extras-japones-foil,Brainsurge,Modern Horizons 3: Extras,Japonés,1.0,Coincidencia flexible ignorando Foil/Non-foil.
11,Snapcaster Mage,Innistrad Remastered: Extras,Magic The Gathering,Japonés,4.0,87.84,matched,flexible_name_only_multiple,stock-magic-the-gathering-snapcaster-mage-innistrad-remastered-japones-nonfoil,Snapcaster Mage,Innistrad Remastered,Japonés,4.0,Coincidencia flexible por TCG + nombre; revisar edición. Había varias candidatas y se eligió la de mayor stock disponible.
